label_(grouping),location_103,location_232,location_148,location_4,location_231,location_79,location_125,location_144,location_234,location_114,location_113,location_249,location_107,location_137,location_170,location_164,location_90,location_68,location_162,location_161,location_186,location_246,location_229,location_100,location_163,location_237,location_141,location_230,location_48,location_140,location_262,location_236,location_142,location_143,location_263,location_75,location_239,location_238,location_74,location_41,location_151,location_24,location_166,location_42,location_152,location_116,location_244,location_243,location_127,location_153,location_87,location_224,location_88,location_211,location_45,location_50,location_43,location_233,location_194,location_13,location_120,location_202,location_209,location_12,location_158,location_128,location_261,manhattan
SEX AND AGE,0,0,0,0,0,0,0,0,0,0,0,0,0,0,0,0,0,0,0,0,0,0,0,0,0,0,0,0,0,0,0,0,0,0,0,0,0,0,0,0,0,0,0,0,0,0,0,0,0,0,0,0,0,0,0,0,0,0,0,0,0,0,0,0,0,0,0,0
    Total population,4,46742,23808,26726,24124,44538,3092,12774,18107,13241,20906,23770,28628,25404,27787,10604,21725,34439,5522,1983,6488,13544,31404,623,9041,21767,43078,8529,36559,30727,36119,40643,34796,35901,47649,59814,45998,55769,61027,47113,35187,16564,38865,86955,21842,49860,78754,64960,36299,8594,18151,22512,1681,7421,22658,22965,129,22535,1302,15805,12,11722,7914,3,11060,16,5650,1689929
        Under 5 years,1,1825,693,925,1815,776,152,326,841,425,714,492,766,680,919,313,629,926,154,55,223,515,1133,4,352,863,2088,334,814,1569,1481,1653,1462,2010,2166,2842,2115,2426,3047,2273,1437,500,1176,4240,925,2037,3050,2955,1675,477,692,1057,120,226,758,890,3,706,6,1355,2,644,247,0,476,0,204,68655
        5 to 9 years,0,2039,641,1041,1526,566,113,265,571,382,612,409,547,509,577,160,529,813,131,25,145,384,813,13,220,852,1463,177,529,1184,1472,1921,1175,1782,1680,2803,2185,2076,3481,2315,1439,510,1029,4667,912,2027,3118,2780,1671,482,542,829,58,171,823,687,2,578,3,1109,0,514,247,1,380,0,180,62885
        10 to 14 years,0,2252,630,1117,1219,591,102,314,455,325,500,425,521,535,503,100,483,844,87,27,157,356,800,4,194,887,1494,188,538,946,1533,2247,1094,1581,1512,3026,1952,2158,3810,2447,1374,584,1096,5091,1054,2153,3369,2922,1839,572,383,681,51,170,852,623,1,556,6,861,0,414,208,0,320,3,159,63296
        15 to 19 years,0,2269,768,1253,1071,3350,64,388,618,959,2469,402,1106,951,467,411,387,1192,95,38,917,285,667,20,218,889,1079,123,713,724,1270,2042,2248,1219,1223,3513,1648,2067,3853,2364,1439,668,4200,4819,1407,2246,3593,3094,1809,532,835,588,43,195,927,602,8,416,16,465,1,368,630,0,317,1,133,74692
        20 to 24 years,1,3125,2616,2555,1950,7941,152,1360,1435,1284,1227,1410,3599,3416,3164,1492,1318,3128,478,136,912,980,1685,52,474,836,2179,735,3177,1668,1923,2039,1901,1463,2585,5277,1786,2575,4484,3131,2186,2117,8907,6041,2268,4032,6578,4917,2246,587,2897,2663,74,559,1413,1976,1,2318,16,554,0,967,859,0,638,0,681,137144
        25 to 29 years,0,3813,3789,3100,2097,8662,391,2110,2615,2266,2016,4662,4921,5223,5320,1829,3768,4388,949,229,835,2154,3278,78,1015,1041,5271,1383,5674,4482,3800,2735,2690,2734,7384,6123,4112,4694,5477,4692,3343,1879,5149,8342,2621,6192,9314,5988,3067,693,4208,3183,184,1298,1748,3373,0,3729,87,1262,3,1409,768,0,1149,4,1230,202023
        30 to 34 years,1,3305,2811,2440,2528,5136,399,1576,2604,1694,2291,3748,3702,2933,3672,1526,3191,3885,766,197,808,2515,2946,101,1043,1158,5404,1197,4965,4402,3684,2723,3588,3617,7117,5461,4418,4666,5502,4752,2984,1399,3015,8319,2059,5352,7655,5783,3232,689,2781,1970,284,946,1732,3477,14,2897,128,1726,0,1393,790,0,1486,1,964,179548
        35 to 39 years,0,2836,1757,1804,2284,2933,326,962,1691,1064,1620,2032,2316,1664,2411,986,2035,2713,443,139,474,1658,2259,70,777,1123,3641,745,3496,2888,2688,2314,2743,3019,4442,4025,3690,3932,4508,3900,2239,943,1860,6768,1419,3921,5567,4928,2958,596,1747,1635,196,633,1429,2438,4,1905,125,1764,1,1009,687,0,1018,1,589,130788
        40 to 44 years,1,2677,1382,1503,2003,1954,233,677,1171,766,1163,1289,1609,1157,1583,779,1438,2219,388,152,338,1139,1602,52,513,1048,2619,507,2471,1978,2169,2130,2188,2593,2963,3439,2903,3209,3903,3416,1897,868,1347,5882,1319,3231,4651,4284,2538,524,1157,1319,165,416,1325,1777,9,1415,147,1522,0,774,498,0,768,0,404,103561
        45 to 49 years,1,2751,1177,1402,1671,1697,201,591,1088,624,989,1244,1294,1118,1495,574,1285,2053,283,121,288,933,1641,59,479,1140,2354,446,2124,1804,2025,2351,1992,2333,2536,3271,2937,3278,3517,3193,1943,843,1259,5215,1168,2971,4350,3934,2415,520,965,1054,125,366,1222,1404,12,1217,139,1258,1,627,405,1,647,1,374,94796
        50 to 54 years,0,2810,1203,1575,1469,1828,214,675,967,586,1093,1296,1331,1079,1301,576,1352,2372,256,165,355,799,1767,48,560,1319,2326,447,2283,1600,2114,2672,2151,2286,2528,3567,2978,3640,3793,3366,2218,1018,1487,5849,1303,3090,4700,4167,2422,567,668,1039,103,403,1419,1393,35,1246,208,985,1,628,397,0,655,1,239,98988
        55 to 59 years,0,2986,1212,1772,1165,1975,174,711,933,617,1108,1317,1310,1102,1329,537,1385,2195,344,156,315,699,1995,51,572,1421,2328,464,2274,1516,2154,2675,2181,2147,2161,3569,2952,3864,3784,3200,2330,1000,1589,5618,1366,3105,4844,4033,2348,546,484,1127,103,349,1618,1218,22,1157,193,765,2,610,321,0,730,2,196,98326
        60 to 64 years,0,3197,1259,1707,971,1820,135,632,798,552,1047,1185,1333,1070,1212,430,1209,2123,258,129,239,442,2003,40,509,1550,2187,435,2079,1381,2058,2603,2111,1931,2072,3502,2755,3853,3422,2657,2465,1131,1518,4851,1132,2910,4825,3929,2233,503,326,1157,83,345,1592,924,9,1047,129,650,1,581,327,0,663,0,119,92346
        65 to 69 years,0,3091,1230,1457,939,1819,146,651,792,512,1105,1109,1229,1029,1076,313,967,1708,245,135,202,286,2202,14,544,1537,2086,412,1914,1257,2035,2390,1970,1952,1979,2854,2756,3598,2616,1959,2229,929,1515,3634,900,2285,4152,3647,2096,443,201,1189,46,375,1532,699,6,1011,64,459,0,516,402,0,599,1,61,83107
        70 to 74 years,0,2617,975,1091,703,1358,136,572,698,435,1060,1053,1197,993,1035,241,743,1451,208,109,127,187,2098,1,517,1698,2215,314,1449,1248,2128,2675,1765,1842,1930,2353,2603,3445,2195,1393,2087,760,1272,2797,747,1677,3338,2832,1507,355,136,1070,29,392,1461,554,0,904,29,436,0,510,400,0,480,0,63,72694
        75 to 79 years,0,1719,534,867,399,907,79,322,436,325,816,793,828,797,720,151,512,1051,163,66,71,101,1813,6,406,1708,1813,279,933,886,1570,2323,1488,1415,1391,1679,1977,2728,1474,894,1454,637,908,2073,492,1110,2274,1884,974,246,63,803,7,291,893,416,1,632,4,213,0,328,228,1,388,0,26,52786
        80 to 84 years,0,1484,488,604,183,639,24,263,207,198,502,462,521,583,500,81,266,689,121,57,46,61,1272,8,307,1211,1241,180,618,539,992,1531,969,942,944,1215,1103,1695,1032,614,996,415,654,1388,388,830,1718,1379,642,150,28,530,7,161,844,286,0,440,2,144,0,194,210,0,194,1,11,36004
        85 years and over,0,1948,643,513,133,586,51,379,187,227,574,442,498,564,503,105,228,689,154,47,36,50,1431,2,341,1486,1290,163,508,655,1021,1619,1080,1035,1036,1295,1128,1865,1129,547,1127,363,884,1361,362,691,1658,1506,627,112,37,618,4,125,1070,228,2,361,0,277,0,236,289,0,153,0,17,38296
        Selected Age Categories,0,0,0,0,0,0,0,0,0,0,0,0,0,0,0,0,0,0,0,0,0,0,0,0,0,0,0,0,0,0,0,0,0,0,0,0,0,0,0,0,0,0,0,0,0,0,0,0,0,0,0,0,0,0,0,0,0,0,0,0,0,0,0,0,0,0,0,0
            16 years and over,3,40143,21700,23406,19351,42488,2705,11815,16148,12054,18997,22349,26681,23565,25679,9998,20014,31702,5135,1866,5950,12223,28500,597,8235,18964,37776,7813,34575,26846,31355,34404,30853,30208,42010,50504,39376,48704,49975,39602,30611,14843,35346,71979,18716,43229,68551,55726,30797,6965,16465,19838,1444,6821,20044,20641,122,20619,1283,12348,10,10089,7175,2,9821,13,5079,1482846
            18 years and over,3,39228,21419,22896,18980,42243,2684,11690,16013,11943,18779,22172,26480,23339,25473,9945,19838,31351,5090,1846,5910,12106,28220,590,8135,18589,37312,7778,34326,26549,30806,33495,30258,29690,41459,49127,38698,47821,48425,38625,30012,14600,34861,70039,18242,42340,67171,54514,30067,6738,16367,19616,1421,6730,19702,20402,117,20475,1275,12137,9,9950,7102,2,9700,13,5020,1457953
            21 years and over,3,37848,20739,22027,18004,37696,2636,11246,15234,11021,16333,21924,24721,22411,25120,9306,19580,29998,5020,1822,4826,11923,27834,579,7994,18128,36734,7639,33746,26146,30143,32401,28346,29088,40859,46540,37814,46680,45983,37222,29209,14057,29014,67130,17178,40851,64718,52258,28923,6410,15440,19057,1404,6622,19073,19996,115,20159,1268,11928,9,9697,6281,2,9384,12,4943,1398452
            62 years and over,0,12777,4608,5546,2925,6367,513,2564,2800,2017,4686,4514,5090,4608,4513,1108,3424,6838,1038,487,613,914,9987,51,2408,8507,9900,1616,6637,5379,8997,12072,8485,8332,8489,11401,11175,15581,10425,6955,9375,3783,6186,13947,3537,8233,15944,13570,7197,1578,625,4913,132,1559,6738,2722,13,3970,168,1902,1,2126,1722,1,2209,2,243,336743
            65 years and over,0,10858,3870,4532,2356,5309,436,2187,2320,1697,4057,3859,4273,3967,3834,891,2716,5588,891,414,482,685,8816,31,2115,7640,8645,1348,5422,4585,7747,10538,7272,7186,7280,9396,9567,13331,8446,5407,7893,3104,5233,11253,2889,6593,13140,11248,5846,1306,466,4210,93,1344,5799,2183,9,3348,99,1530,0,1784,1529,1,1814,2,178,282888
    Male population,1,21496,11748,12305,11867,21823,1501,6070,8868,6456,9823,11718,13002,11719,12816,4709,11240,16939,2693,1069,2935,7241,14351,382,4381,9760,18681,4556,20060,13775,15822,18381,15861,16228,21058,26604,21723,25674,27869,22018,16056,7608,17195,39699,10326,24124,37267,30877,16952,3760,8613,10067,948,3577,11104,12112,112,10663,1199,7669,9,5493,3617,2,5542,5,2605,792424
        Under 5 years,1,923,376,465,916,376,81,178,460,217,353,258,379,358,446,142,352,416,76,28,103,289,594,3,137,405,1093,176,392,780,762,821,752,1010,1098,1413,1063,1252,1630,1143,760,232,604,2137,466,1011,1536,1522,838,261,339,544,61,103,405,493,2,348,3,687,1,318,118,0,257,0,72,34835
        5 to 9 years,0,1088,299,565,811,298,53,146,292,213,291,210,273,253,286,90,292,404,48,13,76,181,394,5,114,436,722,75,283,620,723,930,598,903,841,1460,1085,1033,1788,1152,737,247,499,2381,475,1028,1562,1397,853,270,268,424,28,90,427,362,0,259,1,581,0,273,116,1,213,0,90,31926
        10 to 14 years,0,1172,328,539,637,288,51,154,220,167,227,216,252,286,242,48,232,444,37,14,81,185,405,1,98,450,750,108,282,445,750,1095,509,803,737,1516,983,1096,1962,1185,719,303,546,2602,505,1115,1789,1487,945,290,201,332,26,84,455,302,1,277,1,444,0,201,113,0,166,0,79,31978
        15 to 19 years,0,1139,415,617,483,1512,29,162,225,369,950,190,433,470,228,88,187,479,44,20,161,137,343,8,114,462,528,63,355,347,673,956,849,607,557,1703,761,1062,1925,1208,704,344,1534,2479,701,1127,1848,1600,929,250,301,290,18,100,525,260,5,198,8,242,1,169,231,0,147,1,67,34938
        20 to 24 years,0,1514,1120,1108,829,3425,60,552,601,495,471,512,1386,1330,1107,451,448,1080,196,72,250,442,692,14,207,366,748,310,1456,616,801,877,715,620,968,2340,722,1153,2196,1483,889,941,3685,2886,1061,1792,3045,2605,1085,277,1187,1089,41,170,753,889,1,1032,14,254,0,426,296,0,274,0,235,58660
        25 to 29 years,0,1896,1763,1531,920,4150,161,979,1181,1069,905,2074,2134,2401,2309,765,1681,2032,442,111,415,1118,1448,32,510,484,2124,680,2991,1818,1485,1193,1116,1225,2923,2784,1753,2130,2630,2251,1504,883,2540,3910,1260,2982,4488,2943,1489,313,1892,1416,91,527,924,1705,0,1814,82,563,3,654,365,0,514,0,508,92984
        30 to 34 years,0,1589,1486,1151,1186,2677,182,806,1264,889,1149,1872,1829,1506,1796,767,1553,2043,383,104,415,1318,1328,55,509,507,2418,658,2906,1997,1633,1208,1669,1637,3187,2583,2006,2152,2581,2246,1378,679,1502,3833,1097,2799,4018,2906,1551,294,1372,909,143,489,983,1964,11,1442,116,827,0,686,409,0,758,0,476,87887
        35 to 39 years,0,1369,964,887,1148,1582,173,529,904,536,867,1083,1136,838,1228,510,1098,1533,228,90,245,932,1114,50,389,517,1626,400,2180,1370,1185,1067,1321,1412,2134,1863,1834,1904,2047,1783,1063,473,929,3132,724,2021,2940,2475,1466,275,905,824,109,340,794,1418,4,961,116,860,1,511,349,0,540,0,295,65601
        40 to 44 years,0,1297,770,700,1014,1057,117,372,597,398,629,689,797,593,771,399,809,1242,215,87,206,638,773,40,271,474,1203,325,1509,941,1013,987,1002,1175,1413,1539,1380,1561,1720,1560,860,409,642,2575,633,1642,2383,2079,1242,232,579,637,93,234,707,1013,9,663,141,721,0,371,257,0,399,0,208,51012
        45 to 49 years,0,1262,610,615,875,944,99,290,580,348,514,683,635,556,767,266,725,1178,153,76,157,545,790,46,251,536,1068,259,1250,872,912,1084,952,1063,1215,1410,1415,1528,1511,1483,910,409,543,2322,571,1516,2094,1851,1147,218,521,518,76,218,620,805,11,574,127,623,0,302,227,0,324,0,184,46234
        50 to 54 years,0,1278,660,732,794,992,118,334,531,320,587,705,683,537,650,289,856,1305,115,88,191,463,826,44,324,587,1064,254,1385,771,973,1204,1037,1031,1137,1537,1509,1717,1625,1616,1054,471,692,2611,603,1595,2268,2027,1126,225,360,503,64,210,669,822,29,625,197,480,1,311,199,0,358,0,109,48478
        55 to 59 years,0,1366,617,781,618,1078,97,318,528,349,564,761,685,568,703,274,887,1210,216,88,206,399,988,40,257,655,1059,275,1357,725,975,1269,1104,1039,1042,1565,1504,1841,1705,1453,1078,475,698,2518,617,1525,2211,1886,1020,221,275,533,73,200,785,679,22,573,187,407,2,291,163,0,397,2,126,48130
        60 to 64 years,0,1363,599,807,496,929,67,288,387,275,513,664,656,501,623,210,726,1162,148,65,131,242,909,26,254,694,955,272,1132,660,882,1167,1046,866,930,1499,1346,1790,1422,1284,1174,464,665,2100,512,1303,2118,1730,969,190,191,502,71,161,736,458,9,487,113,322,0,245,149,0,337,0,65,43057
        65 to 69 years,0,1317,594,609,485,930,76,292,386,260,498,546,552,437,508,158,553,830,119,68,125,144,1000,9,257,687,836,245,983,525,855,1046,901,818,840,1093,1288,1672,1079,856,1020,444,673,1521,382,1021,1705,1537,886,165,106,498,29,181,655,314,6,439,58,215,0,244,162,0,310,1,40,37089
        70 to 74 years,0,1038,451,450,317,653,65,253,321,212,462,495,507,366,448,111,383,668,87,67,77,98,858,1,206,643,864,160,703,491,796,1105,768,742,798,885,1176,1412,840,585,852,317,535,1061,303,706,1298,1127,607,130,64,405,18,186,596,250,0,383,29,190,0,230,168,0,230,0,27,30274
        75 to 79 years,0,660,232,341,191,442,39,161,204,154,377,355,302,286,292,67,232,384,73,36,44,58,747,1,188,683,658,144,425,324,629,986,653,554,552,596,905,1043,516,345,582,234,386,743,171,456,856,738,379,82,24,283,3,140,374,177,1,287,4,102,0,116,97,1,175,0,13,21303
        80 to 84 years,0,571,224,229,99,270,8,118,109,90,253,206,190,222,208,31,128,302,50,26,31,32,536,6,140,521,484,84,263,214,410,679,406,373,333,421,488,675,357,223,397,158,258,474,136,292,613,501,231,41,15,175,3,82,329,118,0,170,2,57,0,64,81,0,85,1,5,14298
        85 years and over,0,656,240,179,49,220,25,138,78,95,213,199,173,212,204,43,98,227,65,16,21,21,606,1,155,653,481,68,208,259,364,707,463,350,353,397,505,653,335,162,375,125,264,414,109,195,495,466,189,26,15,185,1,62,367,83,1,131,0,94,0,81,115,0,57,0,6,13748
        Selected Age Categories,0,0,0,0,0,0,0,0,0,0,0,0,0,0,0,0,0,0,0,0,0,0,0,0,0,0,0,0,0,0,0,0,0,0,0,0,0,0,0,0,0,0,0,0,0,0,0,0,0,0,0,0,0,0,0,0,0,0,0,0,0,0,0,0,0,0,0,0
            16 years and over,0,18059,10655,10623,9390,20810,1306,5570,7845,5841,8908,10985,12050,10760,11784,4416,10327,15586,2523,1007,2673,6545,12868,371,4009,8363,15980,4184,19040,11843,13452,15332,13886,13351,18254,21886,18432,22101,22134,18301,13682,6774,15435,32052,8754,20775,32033,26190,14144,2898,7781,8703,830,3285,9711,10918,109,9735,1191,5890,8,4671,3257,1,4864,5,2346,687492
            18 years and over,0,17612,10499,10377,9210,20673,1295,5500,7787,5793,8797,10899,11949,10640,11686,4388,10238,15407,2503,998,2652,6499,12722,367,3966,8159,15764,4165,18921,11694,13154,14896,13645,13085,17981,21200,18092,21642,21349,17781,13378,6643,15189,31067,8520,20326,31351,25574,13764,2787,7730,8591,820,3242,9518,10798,105,9663,1189,5772,7,4602,3219,1,4814,5,2317,674977
            21 years and over,0,16896,10184,9953,8823,18606,1277,5345,7528,5432,7913,10797,11278,10194,11549,4300,10138,15002,2478,984,2463,6405,12554,365,3893,7931,15496,4100,18641,11513,12818,14411,12964,12807,17758,20028,17705,21067,20143,17085,13022,6366,13132,29575,8002,19608,30049,24296,13196,2634,7407,8359,813,3186,9154,10614,104,9522,1183,5681,7,4485,2950,1,4701,4,2286,649161
            62 years and over,0,5040,2080,2288,1413,3039,249,1138,1319,972,2116,2159,2138,1803,2011,514,1800,3097,474,253,361,482,4281,29,1080,3571,3857,866,3227,2203,3588,5219,3779,3351,3412,4234,5127,6468,3940,2908,3908,1555,2538,5362,1382,3382,6192,5384,2884,540,313,1860,88,746,2764,1194,12,1698,157,850,0,887,713,1,1058,2,126,141482
            65 years and over,0,4241,1741,1808,1142,2515,213,962,1098,811,1803,1801,1724,1523,1660,410,1394,2411,394,213,298,352,3748,18,946,3187,3323,701,2582,1813,3054,4523,3191,2837,2876,3392,4362,5455,3127,2171,3226,1278,2116,4213,1100,2669,4967,4369,2292,444,223,1546,55,651,2321,942,8,1410,93,658,0,735,624,1,856,2,92,116711
    Female population,3,25245,12060,14421,12257,22715,1591,6704,9239,6785,11083,12052,15626,13684,14971,5895,10485,17500,2829,914,3553,6303,17053,241,4660,12007,24397,3973,16499,16952,20298,22262,18935,19673,26591,33210,24275,30095,33158,25095,19131,8956,21670,47256,11516,25736,41487,34084,19347,4834,9538,12445,733,3844,11555,10853,17,11872,103,8136,3,6229,4297,1,5518,11,3045,897506
        Under 5 years,0,903,317,460,899,400,71,148,381,208,361,234,387,321,473,171,277,510,78,27,120,226,539,1,215,458,995,158,422,789,719,832,710,1000,1068,1429,1052,1174,1417,1130,677,268,572,2103,460,1026,1514,1433,837,216,353,513,59,123,353,397,1,358,3,668,1,326,129,0,218,0,132,33820
        5 to 9 years,0,951,342,477,715,268,60,119,279,169,321,199,274,255,291,70,237,409,83,12,69,203,420,8,106,416,741,102,246,564,749,991,577,879,839,1343,1100,1043,1693,1163,702,263,530,2286,437,999,1557,1382,818,212,274,405,30,81,397,325,2,319,2,527,0,241,131,0,166,0,90,30959
        10 to 14 years,0,1080,302,578,582,303,51,160,235,158,273,209,269,248,261,52,251,400,50,13,76,170,396,3,96,437,744,80,256,501,784,1152,585,778,775,1510,969,1062,1848,1262,655,281,550,2489,549,1039,1580,1434,894,282,182,349,25,86,397,321,0,279,5,417,0,213,94,0,153,3,80,31316
        15 to 19 years,0,1129,353,636,588,1838,35,226,393,590,1519,212,673,481,239,323,200,713,51,18,756,148,324,12,104,427,551,60,358,377,597,1086,1399,612,666,1810,887,1005,1928,1156,735,324,2666,2340,706,1120,1745,1493,880,282,534,298,25,95,403,342,3,218,8,223,0,199,399,0,170,0,66,39754
        20 to 24 years,1,1612,1496,1447,1121,4516,92,808,834,789,756,898,2213,2086,2057,1041,870,2048,282,64,662,538,993,38,267,470,1431,425,1721,1052,1123,1162,1186,843,1617,2937,1064,1422,2288,1648,1297,1176,5222,3155,1206,2240,3533,2313,1161,310,1710,1574,33,389,660,1087,0,1286,2,300,0,541,563,0,363,0,447,78486
        25 to 29 years,0,1917,2026,1569,1177,4512,230,1131,1434,1197,1111,2588,2787,2822,3011,1064,2087,2356,507,118,420,1036,1829,46,505,557,3147,703,2683,2664,2315,1542,1574,1509,4461,3339,2359,2564,2847,2441,1839,996,2609,4432,1362,3210,4826,3044,1578,380,2317,1767,93,771,824,1668,0,1915,5,699,0,755,403,0,635,4,722,109039
        30 to 34 years,1,1716,1325,1289,1341,2459,217,770,1340,805,1142,1876,1873,1427,1876,759,1638,1842,383,93,393,1197,1618,46,534,651,2986,539,2059,2405,2051,1515,1919,1980,3930,2878,2412,2514,2921,2506,1606,720,1513,4486,962,2553,3636,2877,1681,395,1410,1061,142,457,749,1513,3,1455,12,900,0,707,381,0,727,1,488,91661
        35 to 39 years,0,1467,793,917,1136,1351,153,433,787,528,753,949,1180,827,1183,476,937,1180,215,49,229,726,1146,20,388,606,2015,345,1316,1518,1502,1247,1422,1607,2308,2162,1856,2028,2461,2117,1176,470,931,3636,695,1900,2627,2453,1492,321,842,811,87,293,635,1020,0,944,9,904,0,498,338,0,478,1,294,65188
        40 to 44 years,1,1380,612,803,989,897,116,305,574,368,534,600,812,564,812,380,629,977,173,65,132,501,829,12,242,574,1416,182,962,1037,1156,1143,1186,1418,1550,1900,1523,1648,2183,1856,1037,459,705,3307,686,1589,2268,2205,1296,292,577,682,72,182,618,764,0,752,6,800,0,403,242,0,368,0,196,52547
        45 to 49 years,1,1489,567,787,796,753,102,301,508,276,475,561,659,562,728,308,560,875,130,45,131,388,851,13,228,604,1286,187,874,932,1113,1267,1040,1270,1321,1861,1522,1750,2006,1710,1033,434,716,2893,596,1455,2256,2083,1268,302,444,536,49,148,602,599,1,643,12,635,1,325,178,1,323,1,190,48561
        50 to 54 years,0,1531,543,843,675,836,96,341,436,266,506,591,648,542,651,287,496,1067,141,77,164,336,941,4,236,732,1262,193,898,829,1141,1468,1114,1255,1391,2030,1469,1923,2168,1750,1164,547,795,3238,699,1495,2432,2140,1296,342,308,536,38,193,749,571,6,621,11,505,0,317,198,0,297,1,130,50506
        55 to 59 years,0,1619,595,991,547,897,77,393,405,268,544,556,625,534,626,263,498,985,128,68,109,299,1007,11,315,766,1269,189,917,791,1179,1406,1077,1108,1119,2004,1448,2023,2079,1747,1252,525,891,3100,749,1580,2633,2147,1328,325,209,594,29,149,834,539,0,584,6,358,0,319,158,0,333,0,70,50194
        60 to 64 years,0,1834,660,901,475,891,68,344,411,277,534,521,677,569,589,220,483,961,111,64,108,200,1093,14,255,856,1232,163,947,721,1175,1436,1065,1065,1142,2003,1409,2063,2000,1373,1291,667,853,2751,620,1607,2707,2199,1264,313,135,655,13,184,855,466,0,560,16,328,1,336,177,0,327,0,54,49289
        65 to 69 years,0,1774,636,848,454,889,70,359,406,252,607,563,677,592,568,155,414,878,126,67,77,143,1202,5,287,850,1250,167,931,732,1180,1344,1069,1134,1139,1761,1468,1926,1537,1103,1209,485,842,2113,518,1264,2447,2111,1210,278,96,691,17,194,877,385,0,572,6,244,0,272,240,0,290,0,21,46022
        70 to 74 years,0,1579,524,641,385,705,71,319,377,223,598,558,690,626,587,130,360,783,121,42,50,90,1240,0,311,1055,1351,154,746,757,1332,1570,997,1100,1132,1468,1427,2033,1355,808,1235,443,737,1736,444,971,2040,1705,900,225,72,665,11,206,865,304,0,521,0,247,0,280,232,0,250,0,36,42420
        75 to 79 years,0,1059,302,526,208,465,40,161,232,171,439,438,526,511,428,84,280,667,89,30,27,43,1067,5,218,1025,1155,135,508,562,941,1337,835,861,839,1083,1072,1685,958,549,872,403,522,1330,321,654,1418,1145,595,164,39,520,3,151,519,239,0,345,0,111,0,212,131,0,213,0,13,31481
        80 to 84 years,0,913,264,375,84,369,16,145,98,108,249,256,331,362,292,50,138,387,71,31,15,29,735,2,167,690,757,96,355,325,582,852,563,569,611,794,615,1020,675,391,599,257,396,914,252,538,1105,879,411,109,13,355,3,79,514,168,0,270,0,86,0,130,128,0,109,0,6,21703
        85 years and over,0,1292,403,334,84,366,26,241,109,132,361,243,325,353,299,62,130,462,89,31,15,29,825,1,186,833,809,95,300,396,657,912,617,685,683,898,623,1212,794,385,752,238,620,947,254,496,1163,1041,438,86,22,433,3,63,703,145,1,230,0,183,0,155,174,0,96,0,11,24551
        Selected Age Categories,0,0,0,0,0,0,0,0,0,0,0,0,0,0,0,0,0,0,0,0,0,0,0,0,0,0,0,0,0,0,0,0,0,0,0,0,0,0,0,0,0,0,0,0,0,0,0,0,0,0,0,0,0,0,0,0,0,0,0,0,0,0,0,0,0,0,0,0
            16 years and over,3,22085,11045,12783,9961,21678,1399,6245,8303,6213,10089,11364,14631,12804,13895,5582,9687,16116,2612,859,3277,5678,15632,226,4226,10601,21796,3629,15535,15003,17902,19072,16967,16857,23756,28618,20944,26603,27841,21301,16929,8069,19911,39927,9961,22455,36518,29536,16653,4067,8685,11135,614,3536,10334,9723,13,10884,92,6459,2,5418,3918,1,4956,8,2734,795356
            18 years and over,3,21617,10920,12519,9769,21570,1389,6190,8226,6150,9982,11273,14531,12699,13787,5557,9600,15944,2587,848,3258,5607,15498,223,4169,10430,21548,3613,15405,14855,17651,18599,16613,16605,23478,27927,20606,26179,27076,20844,16634,7957,19672,38972,9722,22015,35820,28940,16303,3951,8637,11025,601,3488,10184,9604,12,10812,86,6365,2,5348,3883,1,4886,8,2703,782976
            21 years and over,3,20952,10555,12075,9180,19090,1359,5901,7706,5589,8420,11127,13443,12217,13571,5006,9442,14996,2543,838,2363,5517,15279,214,4101,10197,21238,3539,15105,14633,17326,17990,15382,16281,23101,26512,20109,25613,25840,20137,16187,7691,15882,37555,9176,21243,34669,27962,15727,3776,8034,10698,591,3436,9919,9382,11,10637,85,6247,2,5212,3331,1,4684,8,2657,749293
            62 years and over,0,7736,2528,3258,1511,3328,264,1426,1481,1045,2570,2355,2952,2805,2502,594,1624,3741,564,234,252,432,5706,22,1328,4936,6043,750,3410,3176,5410,6853,4706,4981,5077,7167,6048,9113,6485,4047,5467,2228,3648,8585,2156,4851,9751,8186,4313,1038,312,3053,44,813,3974,1528,1,2272,11,1052,1,1239,1009,0,1151,0,117,195260
            65 years and over,0,6617,2129,2724,1215,2794,223,1225,1222,886,2254,2058,2549,2444,2174,481,1322,3177,497,201,184,333,5068,13,1169,4453,5322,647,2840,2772,4693,6015,4081,4349,4404,6004,5205,7876,5319,3236,4667,1826,3117,7040,1789,3923,8173,6880,3554,862,243,2664,38,693,3478,1241,1,1938,6,872,0,1049,905,0,957,0,86,166177
MEDIAN AGE BY SEX,0,0,0,0,0,0,0,0,0,0,0,0,0,0,0,0,0,0,0,0,0,0,0,0,0,0,0,0,0,0,0,0,0,0,0,0,0,0,0,0,0,0,0,0,0,0,0,0,0,0,0,0,0,0,0,0,0,0,0,0,0,0,0,0,0,0,0,0
    Both sexes,29,389,144,224,134,242,37,109,140,103,148,143,135,128,140,102,108,236,111,173,61,137,274,75,142,323,193,120,231,214,295,376,209,247,248,401,251,270,404,372,172,76,220,584,157,255,448,428,242,37,51,75,30,72,227,141,52,104,49,70,33,113,34,46,114,32,32,11712
    Male,4,364,145,212,139,251,39,110,145,105,153,148,138,129,145,107,116,242,116,175,69,140,269,85,138,312,190,125,233,215,290,371,211,235,248,377,254,260,374,360,167,74,226,557,151,251,428,409,230,34,53,73,32,76,207,142,52,103,50,70,30,110,35,42,115,58,33,11547
    Female,33,413,144,233,128,235,36,107,135,100,142,138,133,126,137,96,102,230,109,166,53,133,278,62,148,330,197,107,228,212,301,380,207,256,247,421,248,279,431,381,177,80,224,610,167,260,471,453,254,40,49,76,28,68,288,138,31,105,45,71,46,116,34,46,113,28,31,11891
RACE,0,0,0,0,0,0,0,0,0,0,0,0,0,0,0,0,0,0,0,0,0,0,0,0,0,0,0,0,0,0,0,0,0,0,0,0,0,0,0,0,0,0,0,0,0,0,0,0,0,0,0,0,0,0,0,0,0,0,0,0,0,0,0,0,0,0,0,0
    Total population,4,46742,23808,26726,24124,44538,3092,12774,18107,13241,20906,23770,28628,25404,27787,10604,21725,34439,5522,1983,6488,13544,31404,623,9041,21767,43078,8529,36559,30727,36119,40643,34796,35901,47649,59814,45998,55769,61027,47113,35187,16564,38865,86955,21842,49860,78754,64960,36299,8594,18151,22512,1681,7421,22658,22965,129,22535,1302,15805,12,11722,7914,3,11060,16,5650,1689929
        One Race,3,41393,22164,23206,21766,40573,2781,11877,16537,12043,19332,21985,26504,23189,25800,9885,19763,31058,5072,1838,6145,12078,29340,578,8350,20565,40190,7844,32966,28239,33181,38026,31929,32600,43738,52417,42179,49893,52974,41718,31388,14376,34828,78418,18643,42747,64827,54194,29811,7155,16551,20331,1530,6746,21657,20398,117,20800,1253,14253,10,10600,7301,1,10140,8,5079,1514881
            White,0,13165,8183,9009,16845,29330,2276,6078,12588,9524,15940,19323,20220,15063,18744,5809,15485,19371,3473,1093,3422,7043,24123,230,6146,18665,34296,3610,20992,22119,27079,33844,25951,22524,34338,15238,35477,36820,9331,12048,18660,7551,16788,11220,4034,11069,16506,21087,8728,1110,11876,15254,1023,5760,3205,10519,39,13404,304,10201,2,4513,4690,1,8870,0,3616,844845
            Black or African American,1,6450,1430,4425,834,2021,91,343,972,468,638,520,1164,1876,1036,941,836,3694,256,321,884,1163,439,145,465,254,695,1491,2228,891,1543,398,794,2355,1718,15602,1682,4923,22995,21752,5335,2076,5870,52912,5971,14490,10606,4934,3705,2196,785,755,138,137,1933,2464,58,826,720,292,6,1331,367,0,272,5,188,229106
            American Indian and Alaska Native,0,375,55,291,32,182,0,14,26,15,18,25,51,65,36,18,55,178,11,3,30,37,27,0,12,10,42,41,170,36,53,33,49,115,65,891,68,159,1114,231,174,143,239,628,313,843,1162,740,452,113,24,23,7,9,51,132,3,28,7,10,1,188,13,0,18,0,6,9960
            Asian,2,13910,10770,4114,3342,6708,338,4855,2398,1703,2109,1576,4018,4676,5353,2722,2597,5130,1159,311,1507,2985,4153,174,1499,1332,4372,2201,6988,4485,3293,3105,4271,5917,6178,6826,3349,4429,3076,2749,3335,2158,8091,2536,1060,1756,3290,1935,837,149,3355,3692,302,686,15220,5109,2,5963,13,3380,0,3903,1995,0,710,0,1116,221273
            Native Hawaiian and Other Pacific Islander,0,40,26,37,15,43,1,24,8,8,11,16,83,232,14,25,13,63,8,9,29,14,23,0,3,4,17,26,20,21,6,7,3,30,9,64,30,18,61,27,19,3,38,95,26,44,72,36,44,2,13,5,5,5,20,120,0,25,12,10,1,98,8,0,3,0,0,1792
            Some Other Race,0,7452,1700,5331,698,2289,75,563,545,325,616,525,968,1277,617,370,777,2622,166,101,273,836,575,29,225,300,768,475,2568,687,1207,639,861,1659,1430,13796,1573,3544,16397,4911,3865,2445,3802,11027,7239,14546,33191,25463,16045,3585,498,602,56,149,1228,2054,15,554,197,360,0,567,228,0,268,3,153,207910
        Two or More Races,2,5349,1644,3521,2358,3965,311,897,1570,1198,1574,1785,2124,2215,1987,719,1962,3381,451,145,343,1466,2065,45,691,1202,2888,685,3593,2488,2938,2617,2867,3301,3911,7397,3819,5876,8053,5395,3799,2188,4037,8537,3199,7113,13927,10766,6488,1439,1600,2181,151,675,1002,2567,12,1735,49,1552,2,1122,613,2,920,8,571,175053
TOTAL RACES TALLIED [1],0,0,0,0,0,0,0,0,0,0,0,0,0,0,0,0,0,0,0,0,0,0,0,0,0,0,0,0,0,0,0,0,0,0,0,0,0,0,0,0,0,0,0,0,0,0,0,0,0,0,0,0,0,0,0,0,0,0,0,0,0,0,0,0,0,0,0,0
    Total races tallied,6,52726,25574,30666,26602,48816,3429,13738,19777,14527,22607,25661,30862,27753,29924,11401,23792,38161,6008,2148,6863,15140,33608,677,9784,23035,46136,9260,40469,33389,39334,43376,37852,39492,51833,68077,50037,62202,69998,53135,39354,18983,43292,96610,25361,57808,94397,77126,43672,10164,19841,24867,1846,8144,23765,25780,141,24358,1355,17463,14,12909,8565,8,12032,24,6273,1882027
        White alone or in combination with one or more other races,1,17372,9567,11797,18947,32819,2575,6856,13901,10651,17254,21024,22079,16982,20583,6430,17333,22296,3879,1210,3723,8306,26092,259,6772,19818,37069,4189,24209,24461,29773,36335,28648,25396,37920,20504,39016,42002,14508,15608,21676,9134,20110,16110,5979,15329,25507,28380,13025,2000,13371,17297,1162,6411,3973,12726,45,14999,334,11663,2,5480,5228,2,9687,7,4151,981952
        Black or African American alone or in combination with one or more other races,2,8092,1814,5566,1126,2838,139,491,1184,689,875,768,1472,2336,1362,1090,1118,4509,322,350,962,1523,708,161,539,362,1006,1622,2889,1270,2100,686,1213,3109,2374,18620,2315,6307,26701,24673,6599,2902,7148,58301,7513,18108,16899,9613,6573,2875,1034,1157,166,233,2214,3110,59,1095,742,511,8,1597,499,2,426,7,271,284945
        American Indian and Alaska Native alone or in combination with one or more other races,0,935,186,675,166,529,20,82,124,113,125,181,181,230,179,86,200,506,37,21,58,152,160,8,70,66,235,109,544,206,282,185,252,361,383,1803,335,667,2246,950,605,358,609,2042,635,1817,2481,1735,1080,226,138,199,20,71,160,360,5,97,16,93,1,262,72,1,83,0,56,26870
        Asian alone or in combination with one or more other races,3,14723,11217,4512,4349,7864,423,5208,2987,2132,2779,2085,4746,5234,5927,2948,3131,5719,1263,351,1602,3309,4654,187,1658,1661,5133,2328,7688,5178,4001,3886,5054,6714,7201,7630,4446,5612,3762,3598,3973,2515,9045,3422,1324,2476,4183,2697,1258,198,3887,4315,354,905,15488,5557,9,6504,25,3952,1,4138,2180,2,996,3,1287,253597
        Native Hawaiian and Other Pacific Islander alone or in combination with one or more other races,0,164,71,119,192,231,5,78,191,34,191,44,226,285,44,59,32,152,28,24,44,27,57,10,27,28,48,53,79,60,39,44,38,73,66,173,71,84,212,100,71,35,101,286,61,172,229,177,168,23,39,24,11,12,62,162,3,57,14,22,1,119,14,0,66,0,17,5449
        Some Other Race alone or in combination with one or more other races,0,11441,2719,7996,1823,4535,267,1023,1390,908,1383,1559,2158,2687,1829,788,1978,4979,479,192,474,1824,1938,52,718,1100,2645,959,5060,2214,3139,2240,2647,3839,3889,19347,3854,7530,22569,8206,6430,4039,6279,16449,9850,19906,45098,34525,21568,4842,1372,1875,133,512,1869,3865,20,1606,224,1221,1,1313,572,1,774,7,491,329220
HISPANIC OR LATINO,0,0,0,0,0,0,0,0,0,0,0,0,0,0,0,0,0,0,0,0,0,0,0,0,0,0,0,0,0,0,0,0,0,0,0,0,0,0,0,0,0,0,0,0,0,0,0,0,0,0,0,0,0,0,0,0,0,0,0,0,0,0,0,0,0,0,0,0
    Total population,4,46742,23808,26726,24124,44538,3092,12774,18107,13241,20906,23770,28628,25404,27787,10604,21725,34439,5522,1983,6488,13544,31404,623,9041,21767,43078,8529,36559,30727,36119,40643,34796,35901,47649,59814,45998,55769,61027,47113,35187,16564,38865,86955,21842,49860,78754,64960,36299,8594,18151,22512,1681,7421,22658,22965,129,22535,1302,15805,12,11722,7914,3,11060,16,5650,1689929
        Hispanic or Latino (of any race),0,15780,3515,10954,1873,5838,290,1167,1560,1118,1529,1875,2559,3448,2167,1096,2262,7625,550,274,1753,2133,2025,91,914,1144,2916,1465,6032,2440,3681,2378,2715,4437,4462,25673,4309,8676,29734,9894,8087,4865,7549,21880,11761,23266,52254,39953,24951,6008,1662,2012,186,575,2871,4948,32,1771,466,1245,8,1440,720,2,738,6,542,402150
        Not Hispanic or Latino,4,30962,20293,15772,22251,38700,2802,11607,16547,12123,19377,21895,26069,21955,25620,9508,19463,26814,4972,1709,4735,11411,29379,532,8127,20623,40162,7064,30527,28287,32438,38265,32081,31464,43187,34141,41689,47093,31293,37219,27100,11699,31316,65075,10081,26594,26500,25007,11348,2586,16489,20500,1495,6846,19787,18017,97,20764,836,14560,4,10282,7194,1,10322,10,5108,1287778
HISPANIC OR LATINO BY RACE,0,0,0,0,0,0,0,0,0,0,0,0,0,0,0,0,0,0,0,0,0,0,0,0,0,0,0,0,0,0,0,0,0,0,0,0,0,0,0,0,0,0,0,0,0,0,0,0,0,0,0,0,0,0,0,0,0,0,0,0,0,0,0,0,0,0,0,0
    Total population,4,46742,23808,26726,24124,44538,3092,12774,18107,13241,20906,23770,28628,25404,27787,10604,21725,34439,5522,1983,6488,13544,31404,623,9041,21767,43078,8529,36559,30727,36119,40643,34796,35901,47649,59814,45998,55769,61027,47113,35187,16564,38865,86955,21842,49860,78754,64960,36299,8594,18151,22512,1681,7421,22658,22965,129,22535,1302,15805,12,11722,7914,3,11060,16,5650,1689929
        Hispanic or Latino,0,15780,3515,10954,1873,5838,290,1167,1560,1118,1529,1875,2559,3448,2167,1096,2262,7625,550,274,1753,2133,2025,91,914,1144,2916,1465,6032,2440,3681,2378,2715,4437,4462,25673,4309,8676,29734,9894,8087,4865,7549,21880,11761,23266,52254,39953,24951,6008,1662,2012,186,575,2871,4948,32,1771,466,1245,8,1440,720,2,738,6,542,402150
            White alone,0,2633,680,1855,444,1580,78,240,371,314,432,565,721,773,580,311,544,2175,126,69,855,367,511,18,239,310,831,344,1171,612,861,646,649,825,1074,3274,950,1501,3213,926,1247,625,1106,1951,899,1572,3538,2950,1661,563,480,496,66,154,682,885,7,432,134,304,2,262,211,1,164,0,126,54186
            Black or African American alone,0,1418,239,885,72,186,9,49,143,32,37,52,84,148,100,99,65,643,39,38,234,156,32,20,87,14,73,226,229,62,178,37,49,280,148,2432,220,580,3276,1429,681,328,594,3824,877,1516,2676,2069,1374,538,73,48,12,14,346,299,9,86,99,32,4,94,24,0,9,0,15,29741
            American Indian and Alaska Native alone,0,325,37,265,12,108,0,7,6,9,11,13,23,41,16,12,29,118,8,0,16,16,14,0,4,2,25,28,135,17,35,23,14,79,49,799,41,118,982,145,142,122,147,430,271,761,1086,695,423,95,10,11,7,4,36,108,0,18,5,5,0,79,13,0,13,0,6,8069
            Asian alone,0,151,41,51,13,63,0,15,14,17,12,12,39,47,21,6,18,197,3,4,219,12,12,1,1,1,31,7,53,24,23,24,27,55,52,109,29,39,96,42,35,15,28,80,37,53,172,84,62,19,23,31,4,4,39,33,0,16,0,14,0,6,11,0,6,0,13,2366
            Native Hawaiian and Other Pacific Islander alone,0,33,12,21,2,2,0,13,2,4,1,0,30,145,4,15,2,35,3,7,17,4,2,0,1,0,1,16,8,4,2,2,0,12,4,52,18,10,46,8,10,2,24,43,18,26,47,20,37,1,0,0,2,2,4,113,0,12,9,3,1,1,0,0,0,0,0,913
            Some Other Race alone,0,7119,1543,5142,471,1917,49,428,374,243,427,380,719,1063,457,294,609,2361,136,70,227,730,364,28,167,149,548,412,2276,493,977,416,552,1383,1134,13329,1221,3006,15908,4423,3563,2279,3387,10344,7038,14109,32579,24891,15751,3529,353,409,33,101,1124,1880,13,362,194,255,0,440,174,0,157,3,102,194615
            Two or More Races,0,4101,963,2736,859,1982,154,415,650,499,609,853,943,1232,989,359,995,2096,236,86,185,848,1090,24,415,668,1407,432,2160,1228,1605,1230,1424,1803,2001,5678,1830,3422,6213,2921,2409,1494,2263,5208,2621,5230,12157,9244,5643,1263,724,1017,63,296,640,1630,3,845,25,633,1,558,287,1,389,3,279,112267
        Not Hispanic or Latino,4,30962,20293,15772,22251,38700,2802,11607,16547,12123,19377,21895,26069,21955,25620,9508,19463,26814,4972,1709,4735,11411,29379,532,8127,20623,40162,7064,30527,28287,32438,38265,32081,31464,43187,34141,41689,47093,31293,37219,27100,11699,31316,65075,10081,26594,26500,25007,11348,2586,16489,20500,1495,6846,19787,18017,97,20764,836,14560,4,10282,7194,1,10322,10,5108,1287778
            White alone,0,10532,7503,7154,16400,27750,2198,5838,12217,9210,15508,18758,19499,14290,18164,5498,14941,17196,3347,1024,2567,6676,23612,212,5907,18355,33465,3266,19821,21507,26218,33198,25302,21699,33264,11964,34527,35319,6118,11122,17413,6926,15682,9269,3135,9497,12968,18137,7067,547,11396,14758,957,5606,2523,9634,32,12972,170,9897,0,4251,4478,0,8705,0,3490,790656
            Black or African American alone,1,5032,1191,3539,762,1835,82,294,829,436,601,468,1080,1729,936,842,771,3051,217,283,650,1007,407,125,378,240,622,1265,1999,829,1365,361,745,2075,1570,13170,1462,4343,19719,20323,4654,1748,5276,49088,5095,12974,7931,2865,2331,1658,712,707,126,123,1587,2165,49,740,621,260,2,1237,344,0,263,5,173,199368
            American Indian and Alaska Native alone,0,50,18,26,21,74,0,7,20,6,7,12,28,24,20,6,26,60,3,3,14,21,13,0,8,8,17,13,35,19,18,10,35,36,16,92,27,41,132,86,32,21,92,198,42,81,77,45,29,18,15,12,0,5,15,24,3,10,2,5,1,109,0,0,5,0,0,1893
            Asian alone,2,13759,10729,4063,3329,6645,338,4840,2384,1686,2097,1564,3979,4629,5332,2716,2579,4933,1156,307,1288,2973,4141,173,1498,1331,4341,2194,6935,4461,3270,3081,4244,5862,6126,6717,3320,4390,2980,2707,3300,2143,8063,2456,1022,1703,3118,1851,775,130,3332,3661,298,682,15180,5076,2,5947,13,3366,0,3897,1984,0,704,0,1103,218905
            Native Hawaiian and Other Pacific Islander alone,0,7,14,16,13,41,1,11,6,4,10,16,53,87,10,10,11,28,5,2,12,10,21,0,2,4,16,10,12,17,4,5,3,18,5,12,12,8,15,19,9,1,14,52,8,18,25,16,7,1,13,5,3,3,16,7,0,13,3,7,0,97,8,0,3,0,0,879
            Some Other Race alone,0,333,157,189,228,372,26,135,171,82,189,145,249,214,160,76,168,261,30,31,46,106,211,1,58,151,220,63,292,194,230,223,309,276,296,467,352,538,489,488,302,166,415,683,201,438,612,572,294,56,145,193,23,48,103,174,2,192,3,105,0,127,55,0,111,0,51,13297
            Two or More Races,2,1248,681,785,1499,1983,157,482,920,699,965,932,1181,982,998,360,967,1285,215,59,158,618,975,21,276,534,1481,253,1433,1260,1333,1387,1443,1498,1910,1719,1989,2454,1840,2474,1390,694,1774,3329,578,1883,1770,1522,845,176,875,1164,88,379,362,937,9,890,24,920,1,564,326,1,530,5,291,62783
RELATIONSHIP,0,0,0,0,0,0,0,0,0,0,0,0,0,0,0,0,0,0,0,0,0,0,0,0,0,0,0,0,0,0,0,0,0,0,0,0,0,0,0,0,0,0,0,0,0,0,0,0,0,0,0,0,0,0,0,0,0,0,0,0,0,0,0,0,0,0,0,0
    Total population,4,46742,23808,26726,24124,44538,3092,12774,18107,13241,20906,23770,28628,25404,27787,10604,21725,34439,5522,1983,6488,13544,31404,623,9041,21767,43078,8529,36559,30727,36119,40643,34796,35901,47649,59814,45998,55769,61027,47113,35187,16564,38865,86955,21842,49860,78754,64960,36299,8594,18151,22512,1681,7421,22658,22965,129,22535,1302,15805,12,11722,7914,3,11060,16,5650,1689929
        In households,4,45472,22477,25870,22780,39365,3069,12134,16844,11681,18415,23210,26165,24117,26778,9057,21229,31384,5211,1558,4441,13349,31305,400,8568,21574,42681,7270,35472,29962,36066,40297,32602,35794,46954,56418,44353,53743,58896,45825,33696,15734,27784,84153,20560,48289,76801,63302,36174,8587,17187,22475,1541,7403,21365,22161,17,22337,86,15744,0,11236,6942,3,10653,13,5617,1612650
            Householder,0,20799,11012,12022,10060,23219,1716,6446,9705,6700,10830,14690,15831,13787,15948,5489,12985,18232,3192,956,2646,7943,18375,248,5112,11246,24278,4867,21945,17200,19221,19206,18324,18807,26128,25026,23009,27319,25083,20608,16947,7551,13581,38834,8181,19679,29591,26162,15176,3479,9341,10685,761,4310,9605,12699,5,13495,34,7212,0,5093,3884,1,6001,6,3191,815714
            Opposite-sex spouse,1,5643,2459,2270,4243,3303,437,1425,2515,1533,2919,2472,3168,2514,3634,1099,2437,3220,683,245,505,1571,5628,38,1438,4742,7358,751,3579,4814,6102,8607,5972,6321,7263,5606,8131,9201,4505,4598,4714,1867,3511,6056,1524,3997,6856,7380,3890,745,1941,3281,263,923,3061,2401,1,3019,3,3133,0,1880,1105,0,1625,0,678,206804
            Same-sex spouse,0,171,77,90,163,287,40,55,216,101,292,372,237,105,173,96,416,559,33,11,61,196,236,6,80,89,183,83,633,126,155,135,309,278,210,231,381,399,194,270,276,110,175,376,82,264,286,416,203,36,111,137,21,66,38,342,0,131,2,53,0,52,45,0,172,0,26,11169
            Opposite-sex unmarried partner,0,845,720,701,673,1730,126,452,829,485,769,1149,1132,861,1096,410,988,1082,239,63,212,634,906,11,309,300,1323,248,1191,1094,1135,812,982,855,1897,1361,1360,1307,1481,1282,807,382,710,2063,454,1256,1921,1684,1053,201,875,666,88,301,331,856,0,780,5,506,0,211,304,0,448,1,301,49254
            Same-sex unmarried partner,0,108,61,121,95,231,26,42,143,90,187,274,144,108,139,49,303,422,21,6,44,163,122,3,64,60,131,56,548,96,103,90,211,158,167,140,224,247,187,277,161,99,113,363,76,270,319,277,147,16,126,77,21,34,34,304,0,84,0,45,0,35,29,0,121,0,41,8453
            Child [2],3,11126,3437,5966,5958,3276,495,1675,2346,1655,2586,2078,2756,2875,2721,823,2342,4569,544,142,503,1763,4169,41,1076,4382,7074,552,3130,4935,7259,9720,5532,7765,7645,15649,9067,11258,18220,11956,7256,3063,5544,23659,5408,11088,18159,15483,9308,2708,1942,3947,269,916,4463,3179,6,2581,14,4205,0,2407,1072,1,1725,1,719,318192
                Under 18 years,1,5733,1716,2894,4950,1999,388,949,1852,1208,2020,1495,2020,1869,2139,611,1801,2697,397,103,356,1318,3108,29,728,3071,5608,350,1939,4041,5090,6965,4188,5944,5953,8638,6984,7480,10040,7124,4376,1665,3317,13305,2540,5339,8136,8196,4803,1516,1631,2802,238,650,2239,2156,5,1953,12,3600,0,1617,743,1,1314,1,578,198529
            Grandchild,0,1629,493,1012,97,227,11,145,44,59,38,53,72,206,45,26,38,376,8,9,9,37,62,1,31,91,86,25,176,40,219,149,108,267,186,1825,183,562,2411,1240,631,332,535,2803,903,1820,3496,2039,1362,347,38,96,6,37,690,137,2,46,4,21,0,149,62,0,40,1,12,27905
                Under 18 years,0,1156,333,682,73,131,11,92,28,29,26,38,47,114,37,15,24,222,4,8,9,31,40,1,16,58,62,22,115,34,144,88,81,176,110,1241,142,350,1678,811,423,205,348,2024,605,1226,2341,1432,984,259,36,51,6,20,503,104,2,27,3,18,0,96,44,0,21,1,9,19067
            Other relatives,1,3096,1730,1630,381,1074,64,667,265,241,210,307,457,565,476,212,314,924,91,45,91,287,435,11,142,241,558,131,909,434,671,504,436,721,789,3747,615,1263,4246,2714,1261,710,1113,5438,1859,4261,8464,5772,3295,753,366,579,39,164,2176,765,1,425,15,238,0,461,192,0,137,4,104,70287
            Nonrelatives,0,2055,2488,2058,1108,6018,154,1227,781,817,584,1815,2368,3096,2546,853,1406,2000,399,81,370,753,1373,41,316,423,1690,557,3361,1223,1201,1074,728,622,2669,2833,1383,2187,2569,2880,1643,1620,2502,4561,2073,5653,7707,4089,1740,302,2448,3007,73,652,966,1478,2,1776,9,331,0,948,248,1,383,0,545,104864
        In group quarters,0,1269,1331,857,1344,5173,23,640,1263,1560,2491,560,2463,1287,1009,1547,496,3055,311,425,2047,195,99,223,473,193,397,1259,1087,765,54,346,2194,107,695,3396,1645,2026,2131,1288,1491,830,11081,2802,1282,1571,1953,1658,125,7,964,37,140,18,1294,804,112,198,1216,61,12,486,972,0,407,3,33,77281
            Institutionalized population:,0,348,0,0,3,120,0,0,0,0,0,92,165,92,20,0,21,0,0,0,0,0,0,0,0,0,0,90,19,42,0,19,0,0,458,699,279,327,425,0,566,34,355,213,23,0,244,647,0,0,428,0,0,0,946,0,0,0,196,0,0,460,15,0,0,3,0,7349
                Male,0,152,0,0,3,93,0,0,0,0,0,37,122,83,8,0,8,0,0,0,0,0,0,0,0,0,0,53,17,26,0,14,0,0,162,410,219,154,227,0,263,16,97,90,14,0,173,275,0,0,125,0,0,0,928,0,0,0,186,0,0,321,10,0,0,1,0,4287
                Female,0,196,0,0,0,27,0,0,0,0,0,55,43,9,12,0,13,0,0,0,0,0,0,0,0,0,0,37,2,16,0,5,0,0,296,289,60,173,198,0,303,18,258,123,9,0,71,372,0,0,303,0,0,0,17,0,0,0,10,0,0,139,5,0,0,2,0,3061
            Noninstitutionalized population:,0,921,1331,857,1341,5053,23,640,1263,1560,2491,468,2298,1195,989,1547,475,3055,311,425,2047,195,99,223,473,193,397,1169,1068,723,54,327,2194,107,237,2697,1366,1699,1706,1288,925,796,10726,2589,1259,1571,1709,1011,125,7,537,37,140,18,348,804,112,198,1020,61,12,26,957,0,407,0,33,69933
                Male,0,376,883,533,602,2373,17,141,458,695,943,303,920,838,546,371,244,1314,283,308,635,159,80,194,258,103,147,679,638,475,35,150,744,75,162,1085,846,1015,989,834,511,457,4210,1597,627,1001,821,867,92,6,224,16,140,18,208,561,102,95,978,43,9,11,298,0,143,0,13,34499
                Female,0,545,448,324,739,2680,6,499,805,865,1548,165,1378,357,443,1176,231,1741,28,117,1412,36,19,29,215,90,250,490,430,248,19,177,1450,32,75,1612,520,684,717,454,414,339,6516,992,632,571,888,144,33,1,312,21,0,0,141,243,10,103,42,18,3,15,659,0,264,0,19,35434
HOUSEHOLDS BY TYPE,0,0,0,0,0,0,0,0,0,0,0,0,0,0,0,0,0,0,0,0,0,0,0,0,0,0,0,0,0,0,0,0,0,0,0,0,0,0,0,0,0,0,0,0,0,0,0,0,0,0,0,0,0,0,0,0,0,0,0,0,0,0,0,0,0,0,0,0
    Total households,0,20779,11010,11990,10066,23191,1702,6447,9700,6707,10823,14694,15807,13820,15969,5481,12992,18226,3203,961,2639,7957,18369,241,5130,11220,24274,4871,21937,17218,19236,19238,18335,18826,26127,25037,23011,27309,25067,20576,16919,7550,13542,38841,8162,19669,29660,26172,15171,3483,9347,10694,754,4319,9581,12691,5,13509,22,7208,0,5114,3873,0,6009,0,3200,815681
        Married couple household,0,5823,2536,2366,4408,3571,470,1487,2749,1632,3206,2855,3393,2626,3796,1182,2854,3770,711,261,560,1774,5871,41,1504,4846,7551,841,4216,4942,6267,8757,6277,6573,7478,5871,8517,9584,4670,4869,4981,1992,3653,6444,1614,4221,7144,7826,4093,781,2042,3426,278,990,3090,2743,4,3167,1,3189,0,1943,1149,0,1799,0,705,217980
            With own children under 18 [3],0,1713,602,641,2286,803,176,421,889,572,978,709,1008,767,1046,285,859,877,186,54,152,488,1567,10,352,1402,2819,165,857,2027,2285,3234,1973,2642,2923,2267,3329,3571,1888,2170,1704,664,1241,2608,581,1534,2416,2878,1482,307,711,1372,109,291,739,771,4,916,0,1715,0,822,338,0,616,0,241,75053
        Cohabiting couple household,0,961,764,806,796,1959,157,492,969,580,939,1431,1277,976,1221,461,1264,1505,252,73,254,800,1053,15,366,372,1447,299,1745,1181,1239,896,1208,1015,2066,1466,1615,1558,1659,1560,971,471,800,2421,534,1536,2251,1958,1198,224,996,745,104,329,360,1167,0,880,2,559,0,250,338,0,578,0,347,57716
            With own children under 18 [3],0,189,66,129,79,64,11,22,27,26,31,36,22,31,17,23,30,84,7,6,9,27,43,2,10,33,50,14,68,37,82,59,54,91,92,391,78,127,501,269,105,60,107,622,128,317,520,434,306,94,29,65,5,14,63,74,0,39,0,50,0,22,17,0,36,0,8,6052
"        Male householder, no spouse or partner present:",0,4878,3492,3177,2143,8464,465,2075,2786,2103,2843,4730,4452,3973,4455,1766,4321,5838,978,284,947,2747,4285,89,1389,1867,5007,1990,8571,4031,3769,3068,4086,3750,5962,5511,4790,5575,5831,5091,3833,1869,3502,10170,2119,5230,6976,5610,3351,667,2930,2278,195,1399,2260,4346,0,4109,13,1452,0,1085,1021,0,1698,0,943,208635
            Living alone,0,3299,2268,2020,1569,6104,362,1426,2365,1662,2461,3933,3584,2811,3458,1420,3712,4754,780,224,755,2271,3653,68,1160,1597,4185,1740,6822,3385,3032,2428,3561,3192,4797,3699,4029,4522,3821,3388,2917,1189,2313,7003,1188,3039,3695,3325,2130,402,2028,1217,145,1119,1383,3507,0,3315,4,1104,0,728,830,0,1445,0,730,155073
                65 years and over,0,1007,313,472,285,1128,89,245,457,325,622,803,734,545,608,169,669,970,151,73,82,167,1205,7,348,711,1059,448,1282,652,841,880,1084,920,988,975,1341,1584,1121,770,900,377,589,1706,304,712,1037,907,541,104,83,438,15,235,469,393,0,541,3,213,0,120,190,0,297,0,33,36337
            With own children under 18 [3],0,234,111,134,167,129,19,61,81,73,78,74,71,87,103,38,70,150,22,12,24,80,111,2,38,81,148,26,119,116,170,192,161,169,200,310,139,203,445,315,160,67,127,655,100,261,356,287,196,64,100,87,13,34,132,100,0,94,0,148,0,44,38,0,49,0,48,7923
"        Female householder, no spouse or partner present:",0,9116,4218,5640,2720,9197,610,2393,3196,2392,3835,5678,6685,6245,6497,2072,4553,7113,1262,343,878,2637,7160,96,1871,4135,10269,1741,7405,7064,7962,6517,6764,7488,10621,12189,8089,10592,12907,9056,7134,3218,5587,19806,3895,8683,13289,10777,6529,1811,3379,4245,176,1601,3870,4435,1,5353,6,2008,0,1836,1366,0,1934,0,1205,331350
            Living alone,0,4674,2336,2518,1814,5980,468,1515,2556,1741,3291,4546,5236,4089,4834,1516,3615,4905,985,254,610,1872,5911,63,1548,3464,8463,1325,5458,5702,6034,4989,5615,5710,8054,5637,6421,7713,5338,4386,4571,1807,3116,9072,1461,3736,5128,5173,3023,669,2063,2358,118,1121,2189,3011,0,4241,0,1423,0,1082,1030,0,1580,0,820,209978
                65 years and over,0,2529,625,959,491,1486,124,441,632,440,1267,1171,1582,1420,1305,276,699,1616,325,92,67,201,2730,5,622,2093,3163,416,1616,1535,2466,2636,2183,2383,2336,2497,2454,3548,2169,1348,1973,778,1203,3169,572,1300,2362,2257,1286,318,120,1328,13,348,1238,666,0,1138,0,424,0,427,440,0,467,0,34,75809
            With own children under 18 [3],0,1312,259,870,291,316,34,96,143,92,145,143,168,291,220,76,149,571,43,14,56,308,233,2,83,235,427,55,282,317,583,467,355,718,522,2234,470,679,3031,1567,724,259,646,4002,658,1105,1660,1451,1045,469,218,280,21,63,383,458,0,245,1,273,0,160,83,0,94,0,68,32223
        Households with individuals under 18 years,0,4239,1329,2291,2897,1484,251,691,1197,808,1276,1026,1328,1325,1452,470,1174,1894,284,99,264,938,2048,17,512,1817,3534,286,1496,2601,3266,4069,2663,3758,3871,6119,4165,4909,7035,5065,3009,1262,2437,9489,1970,4333,6986,6350,3819,1170,1112,1886,159,424,1701,1545,5,1349,4,2253,0,1155,506,0,828,0,388,138088
        Households with individuals 65 years and over,0,7989,2779,3448,1820,4416,370,1538,1900,1349,3211,3034,3505,3208,3122,824,2208,4458,734,310,348,734,6739,33,1695,5446,6849,1126,4612,3661,5984,7481,5660,5651,5606,7513,6976,9585,7160,4706,5567,2376,3779,9804,2313,5202,9946,8223,4670,1070,551,3232,98,1062,4136,1915,0,2769,9,1289,0,1192,1166,0,1432,0,215,219804
HOUSING OCCUPANCY,0,0,0,0,0,0,0,0,0,0,0,0,0,0,0,0,0,0,0,0,0,0,0,0,0,0,0,0,0,0,0,0,0,0,0,0,0,0,0,0,0,0,0,0,0,0,0,0,0,0,0,0,0,0,0,0,0,0,0,0,0,0,0,0,0,0,0,0
    Total housing units,21,22412,12141,12558,11814,25579,2080,7287,11065,7609,12488,16624,17885,15017,18290,7424,14668,20175,4308,1865,3068,8977,21722,283,7404,15269,27416,5969,25143,19265,20682,22282,21664,22881,28257,26386,26171,30616,26493,22076,18283,8250,15046,41384,8743,21161,31405,27524,15712,3578,10985,11291,937,5204,10129,13904,5,16079,28,8028,0,5608,4214,1,7005,3,3649,911490
        Occupied housing units,0,20779,11010,11990,10066,23191,1702,6447,9700,6707,10823,14694,15807,13820,15969,5481,12992,18226,3203,961,2639,7957,18369,241,5130,11220,24274,4871,21937,17218,19236,19238,18335,18826,26127,25037,23011,27309,25067,20576,16919,7550,13542,38841,8162,19669,29660,26172,15171,3483,9347,10694,754,4319,9581,12691,5,13509,22,7208,0,5114,3873,0,6009,0,3200,815681
        Vacant housing units,21,1633,1131,568,1748,2388,378,840,1365,902,1665,1930,2078,1197,2321,1943,1676,1949,1105,904,429,1020,3353,42,2274,4049,3142,1098,3206,2047,1446,3044,3329,4055,2130,1349,3160,3307,1426,1500,1364,700,1504,2543,581,1492,1745,1353,541,95,1638,597,183,885,548,1213,0,2570,6,820,0,494,341,1,996,3,449,95810
            For rent,2,698,793,358,664,1174,170,393,547,377,444,665,658,634,1001,1017,699,998,325,189,289,616,918,23,484,503,1065,574,1512,961,546,508,701,1935,1045,812,880,1463,883,775,566,387,719,1385,405,624,1072,742,338,54,1200,386,145,251,319,892,0,1156,5,520,0,234,128,0,342,2,361,40532
"            Rented, not occupied",0,111,110,42,108,259,45,83,64,66,86,143,154,107,228,197,176,135,71,46,19,68,184,6,168,122,144,113,373,89,68,127,239,90,140,72,194,276,37,69,96,57,162,90,62,80,128,136,46,10,63,46,6,114,38,95,0,204,1,112,0,72,27,0,32,0,20,6526
            For sale only,0,375,16,14,246,70,44,17,108,47,136,77,225,66,92,145,80,82,226,122,5,101,321,0,163,430,320,14,91,111,115,408,369,244,187,48,227,205,51,71,57,23,28,278,10,73,89,85,13,0,41,0,1,37,6,28,0,115,0,23,0,13,44,0,103,1,11,6748
"            Sold, not occupied",0,90,8,21,123,28,30,64,101,30,80,84,138,45,134,60,61,115,78,88,6,33,306,6,144,236,181,78,98,60,43,150,230,183,59,28,284,157,17,46,82,28,74,65,4,58,31,35,13,6,26,3,5,88,9,14,0,124,0,8,0,9,39,0,26,0,0,4470
"            For seasonal, recreational, or occasional use",0,104,35,23,242,128,39,66,348,144,444,523,481,122,420,123,347,315,264,318,28,126,945,5,805,1848,878,77,464,346,344,1010,1166,921,281,78,758,557,28,78,210,61,178,59,9,31,38,80,17,2,181,21,4,108,31,86,0,436,0,92,0,31,31,0,266,0,22,17223
            All other vacants,20,255,169,111,365,729,50,217,197,238,475,438,422,223,446,401,313,304,140,141,82,77,680,2,510,910,554,242,668,480,330,841,624,682,418,311,817,649,410,461,353,144,343,666,92,625,388,276,114,23,127,141,23,287,145,98,0,535,0,65,0,135,71,1,227,0,33,20314
VACANCY RATES,0,0,0,0,0,0,0,0,0,0,0,0,0,0,0,0,0,0,0,0,0,0,0,0,0,0,0,0,0,0,0,0,0,0,0,0,0,0,0,0,0,0,0,0,0,0,0,0,0,0,0,0,0,0,0,0,0,0,0,0,0,0,0,0,0,0,0,0
    Homeowner vacancy rate (percent) [4],0,60,7,12,35,17,6,5,15,9,9,8,15,10,7,39,6,12,55,40,15,72,15,0,24,44,19,5,20,18,12,27,28,21,50,24,16,12,42,19,7,3,38,92,10,19,43,19,2,0,5,0,0,6,1,13,0,7,0,4,0,2,2,0,15,100,3,1241
    Rental vacancy rate (percent) [5],85,36,30,20,42,44,14,28,30,22,30,23,24,23,34,63,20,43,35,70,23,30,53,23,24,71,31,29,47,41,28,48,26,64,34,41,33,43,41,46,18,13,56,60,82,25,45,34,16,2,22,7,17,15,19,26,0,34,24,17,0,16,5,0,28,100,12,2185
HOUSING TENURE,0,0,0,0,0,0,0,0,0,0,0,0,0,0,0,0,0,0,0,0,0,0,0,0,0,0,0,0,0,0,0,0,0,0,0,0,0,0,0,0,0,0,0,0,0,0,0,0,0,0,0,0,0,0,0,0,0,0,0,0,0,0,0,0,0,0,0,0
    Occupied housing units,0,20779,11010,11990,10066,23191,1702,6447,9700,6707,10823,14694,15807,13820,15969,5481,12992,18226,3203,961,2639,7957,18369,241,5130,11220,24274,4871,21937,17218,19236,19238,18335,18826,26127,25037,23011,27309,25067,20576,16919,7550,13542,38841,8162,19669,29660,26172,15171,3483,9347,10694,754,4319,9581,12691,5,13509,22,7208,0,5114,3873,0,6009,0,3200,815681
        Owner-occupied housing units,0,4893,925,1441,3810,3219,692,815,3329,1485,5319,3682,5593,2447,4692,1120,3592,5109,822,361,379,531,9532,54,1597,7429,8479,345,3541,3420,5945,10704,6304,7347,6324,2428,8060,9143,1969,4112,4217,1720,2647,4726,453,2708,2450,3696,1501,194,1304,11,185,1290,917,927,4,4142,7,1731,0,855,1700,0,2324,0,396,191094
        Renter-occupied housing units,0,15886,10085,10548,6256,19972,1010,5632,6371,5222,5504,11012,10214,11373,11277,4361,9400,13117,2382,600,2260,7426,8837,187,3533,3791,15795,4526,18396,13798,13291,8534,12031,11479,19803,22609,14951,18166,23098,16464,12702,5830,10895,34115,7709,16962,27210,22475,13670,3289,8042,10683,569,3029,8663,11764,1,9367,15,5476,0,4259,2174,0,3684,0,2804,624584
